[{"command":"settings","settings":{"basePath":"\/","pathPrefix":"","ajaxPageState":{"theme":"touch","theme_token":"iRItQUZd3up_2FW4G4pO0MU_ACUL_c84xa8ii2n-HE8","jquery_version":"1.10"},"autologout":{"timeout":1800000,"timeout_padding":10000,"message":"Your session is about to expire. Do you want to reset it?","redirect_url":"\/user\/login?destination=file\/ajax\/field_odescarga\/und\/0\/form-otN_YePD0XiH9aDEVJRCc2FPlc2dLBJaCK7rse11k4g\u0026autologout_timeout=1","title":"Repositorio tematico Alert","refresh_only":false,"no_dialog":false,"use_alt_logout_method":false},"ajax":{"edit-field-odescarga-und-0-remove-button":{"wrapper":"edit-field-odescarga-und-0-ajax-wrapper","effect":"none","progress":{"type":"throbber","message":null},"event":"mousedown","keypress":true,"prevent":"click","url":"\/file\/ajax\/field_odescarga\/und\/0\/form-otN_YePD0XiH9aDEVJRCc2FPlc2dLBJaCK7rse11k4g","submit":{"_triggering_element_name":"field_odescarga_und_0_remove_button","_triggering_element_value":"Eliminar"}}},"urlIsAjaxTrusted":{"\/file\/ajax\/field_odescarga\/und\/0\/form-otN_YePD0XiH9aDEVJRCc2FPlc2dLBJaCK7rse11k4g":true}},"merge":true},{"command":"insert","method":"replaceWith","selector":null,"data":"\u003Cdiv id=\u0022edit-field-odescarga-und-0-ajax-wrapper\u0022\u003E\u003Cdiv class=\u0022form-item form-type-managed-file form-item-field-odescarga-und-0\u0022\u003E\n  \u003Clabel for=\u0022edit-field-odescarga-und-0-upload\u0022\u003EDescarga \u003C\/label\u003E\n \u003Cdiv class=\u0022file-widget form-managed-file clearfix\u0022\u003E\u003Cspan class=\u0022file\u0022\u003E\u003Cimg class=\u0022file-icon\u0022 alt=\u0022Archivo\u0022 title=\u0022application\/rar\u0022 src=\u0022\/modules\/file\/icons\/application-octet-stream.png\u0022 \/\u003E \u003Ca href=\u0022https:\/\/repotematico.uo.edu.cu\/sites\/default\/files\/Paquete_contenido\/CloudAutoDL_5.rar\u0022 type=\u0022application\/rar; length=69648\u0022\u003ECloudAutoDL.rar\u003C\/a\u003E\u003C\/span\u003E  \u003Cspan class=\u0022file-size\u0022\u003E(68.02 KB)\u003C\/span\u003E \u003Cinput type=\u0022submit\u0022 id=\u0022edit-field-odescarga-und-0-remove-button\u0022 name=\u0022field_odescarga_und_0_remove_button\u0022 value=\u0022Eliminar\u0022 class=\u0022form-submit\u0022 \/\u003E\u003Cinput type=\u0022hidden\u0022 name=\u0022field_odescarga[und][0][fid]\u0022 value=\u00226349\u0022 \/\u003E\n\u003Cinput type=\u0022hidden\u0022 name=\u0022field_odescarga[und][0][display]\u0022 value=\u00221\u0022 \/\u003E\n\u003Cdiv class=\u0022form-item form-type-textfield form-item-field-odescarga-und-0-description\u0022\u003E\n  \u003Clabel for=\u0022edit-field-odescarga-und-0-description\u0022\u003EDescripci\u00f3n \u003C\/label\u003E\n \u003Cinput type=\u0022text\u0022 id=\u0022edit-field-odescarga-und-0-description\u0022 name=\u0022field_odescarga[und][0][description]\u0022 value=\u0022\u0022 size=\u002260\u0022 maxlength=\u0022128\u0022 class=\u0022form-text\u0022 \/\u003E\n\u003Cdiv class=\u0022description\u0022\u003ELa descipci\u00f3n se puede usar como etiqueta del enlace al archivo.\u003C\/div\u003E\n\u003C\/div\u003E\n\u003C\/div\u003E\n\u003C\/div\u003E\n\u003C\/div\u003E\u003Cspan class=\u0022ajax-new-content\u0022\u003E\u003C\/span\u003E","settings":{"basePath":"\/","pathPrefix":"","ajaxPageState":{"theme":"touch","theme_token":"iRItQUZd3up_2FW4G4pO0MU_ACUL_c84xa8ii2n-HE8","jquery_version":"1.10"},"autologout":{"timeout":1800000,"timeout_padding":10000,"message":"Your session is about to expire. Do you want to reset it?","redirect_url":"\/user\/login?destination=file\/ajax\/field_odescarga\/und\/0\/form-otN_YePD0XiH9aDEVJRCc2FPlc2dLBJaCK7rse11k4g\u0026autologout_timeout=1","title":"Repositorio tematico Alert","refresh_only":false,"no_dialog":false,"use_alt_logout_method":false},"ajax":{"edit-field-odescarga-und-0-remove-button":{"wrapper":"edit-field-odescarga-und-0-ajax-wrapper","effect":"none","progress":{"type":"throbber","message":null},"event":"mousedown","keypress":true,"prevent":"click","url":"\/file\/ajax\/field_odescarga\/und\/0\/form-otN_YePD0XiH9aDEVJRCc2FPlc2dLBJaCK7rse11k4g","submit":{"_triggering_element_name":"field_odescarga_und_0_remove_button","_triggering_element_value":"Eliminar"}}},"urlIsAjaxTrusted":{"\/file\/ajax\/field_odescarga\/und\/0\/form-otN_YePD0XiH9aDEVJRCc2FPlc2dLBJaCK7rse11k4g":true}}}]